c_count,custdist
0,100002
1,44
2,243
3,834
4,2048
5,3925
6,6516
7,9290
8,11708
9,12973
10,13190
11,12379
12,11227
13,10013
14,9056
15,8853
16,8743
17,8901
18,9417
19,9321
20,8978
21,8519
22,7565
23,6365
24,5375
25,4225
26,3173
27,2317
28,1674
29,1161
30,805
31,457
32,304
33,179
34,86
35,63
36,40
37,18
38,5
39,7
44,1
