c_count,custdist
0,100002
10,13190
9,12973
11,12379
8,11708
12,11227
13,10013
18,9417
19,9321
7,9290
14,9056
20,8978
17,8901
15,8853
16,8743
21,8519
22,7565
6,6516
23,6365
24,5375
25,4225
5,3925
26,3173
27,2317
4,2048
28,1674
29,1161
3,834
30,805
31,457
32,304
2,243
33,179
34,86
35,63
1,44
36,40
37,18
39,7
38,5
44,1
